{
    "f1": 0.712865015519098,
    "precision": 0.727660675029096,
    "recall": 0.6986590514030295,
    "accuracy": 0.8971829069134458
}