{
    "f1": 0.7298435619735258,
    "precision": 0.7080317534438477,
    "recall": 0.7530419667246089,
    "accuracy": 0.8981582289965524
}