{
    "f1": 0.3944267729940415,
    "precision": 0.3085441928926894,
    "recall": 0.5465607151725851,
    "accuracy": 0.6934086372709127
}