{
    "f1": 0.26649053280493173,
    "precision": 0.20646834061135372,
    "recall": 0.37571393096597966,
    "accuracy": 0.6221647613863183
}