{
    "f1": 0.42824346962834275,
    "precision": 0.28544251447477254,
    "recall": 0.8569654829898187,
    "accuracy": 0.5819724187987662
}