{
    "f1": 0.5687490982542202,
    "precision": 0.46416516210063585,
    "recall": 0.7341693568413211,
    "accuracy": 0.7966113228089275
}