{
    "f1": 0.5951646602328127,
    "precision": 0.4965139442231076,
    "recall": 0.7427365284330767,
    "accuracy": 0.8154146252948649
}